ticker,nome,setor,tipo,preco_brl,preco_usd,abertura,maxima,minima,volume,var_1d,var_1w,var_1m,var_ytd,var_5y,var_all,preco_1d_ago,preco_1w_ago,preco_1m_ago,preco_inicio_ano,preco_5y_ago,preco_all_time,market_cap,pe_ratio,forward_pe,pb_ratio,dividend_yield,eps,beta,week_52_high,week_52_low,pct_from_52w_high,ma_50,ma_200,rsi_14,above_ma_50,above_ma_200,ma_50_above_200,profit_margin,roe,debt_to_equity,analyst_rating,target_price,num_analysts,ibov_change_1d,ibov_change_ytd,sp500_change_1d,sp500_change_ytd,vs_ibov_1d,vs_ibov_1m,vs_ibov_ytd,vs_sp500_1d,vs_sp500_1m,vs_sp500_ytd,signal_golden_cross,signal_death_cross,signal_rsi_oversold,signal_rsi_overbought,signal_52w_high,signal_52w_low,signal_volume_spike,signal_summary,volatility_30d,avg_volume_20d,volume_ratio,news_sentiment_pt,news_sentiment_en,news_sentiment_combined,news_count_pt,news_count_en,news_headline_pt,news_headline_en,news_sentiment_label,data_cotacao,atualizado_em
EMBJ3,Embraer,Aeronáutica,stock,95.67,18.43,94.95,96.15,93.08,2664000.0,1.1,3.05,-4.03,7.98,,10.37,94.63,92.84,99.69,88.6,,86.68,,,,,,,,,,,93.61,,43.2,1,,,,,,,,,-0.11,16.88,0.44,0.68,1.21,-13.64,-8.9,0.66,-4.27,7.3,0,0,0,0,0,0,0,neutral,1.62,4115665.0,0.65,,,,,,,,,2026-02-20,2026-02-20 18:03:23
AGRO3,BrasilAgro,Agronegócio,stock,20.47,3.94,20.26,20.48,20.12,80900.0,0.54,0.54,-4.03,-4.03,-7.0,78.0,20.36,20.36,21.33,21.33,22.01,11.5,,,,,,,,,,,24.77,16.22,40.6,0,1,1,,,,,,,-0.11,16.88,0.44,0.68,0.65,-13.64,-20.91,0.1,-4.27,-4.71,1,0,0,0,0,0,0,neutral,5.28,3876535.0,0.02,,,,,,,,,2026-02-20,2026-02-20 18:03:23
SLCE3,SLC Agrícola,Agronegócio,stock,16.01,3.08,16.05,16.09,15.95,603600.0,0.76,0.76,-0.25,-0.25,6.36,441.46,15.89,15.89,16.05,16.05,15.05,2.96,,,,,,,,,,,17.07,8.49,53.2,0,1,1,,,,,,,-0.11,16.88,0.44,0.68,0.87,-9.85,-17.13,0.32,-0.49,-0.93,1,0,0,0,0,0,0,neutral,4.27,48930939.15,0.01,,,,,,,,,2026-02-20,2026-02-20 18:03:23
BEEF3,Minerva,Alimentos,stock,5.7,1.1,5.63,5.72,5.6,4436800.0,-0.35,-0.35,-7.92,-7.92,-41.24,-70.27,5.72,5.72,6.19,6.19,9.7,19.17,,,,,,,,,,,8.41,9.0,55.1,0,0,0,,,,,,,-0.11,16.88,0.44,0.68,-0.24,-17.52,-24.79,-0.79,-8.15,-8.59,0,1,0,0,0,0,0,bearish,12.09,231999729.05,0.02,,,,,,,,,2026-02-20,2026-02-20 18:03:23
MDIA3,M. Dias Branco,Alimentos,stock,25.11,4.84,25.4,25.5,24.86,185100.0,-0.04,-0.04,1.13,1.13,-12.29,214.01,25.12,25.12,24.83,24.83,28.63,8.0,,,,,,,,,,,30.42,30.03,55.3,0,0,1,,,,,,,-0.11,16.88,0.44,0.68,0.07,-8.48,-15.75,-0.48,0.89,0.45,1,0,0,0,0,0,0,neutral,8.24,13642840.0,0.01,,,,,,,,,2026-02-20,2026-02-20 18:03:23
TSLA,Tesla,Automotivo,stock,2129.83,410.23,408.29,414.7,405.5,34551321.0,-1.73,-1.73,-4.69,-4.69,82.19,30759.84,417.44,417.44,430.41,430.41,225.17,1.33,,,,,,,,,,,277.94,,50.6,1,,,,,,,,,-0.11,16.88,0.44,0.68,-1.61,-14.29,-21.57,-2.17,-4.93,-5.37,0,0,0,0,0,0,0,neutral,15.26,1774208241.05,0.02,,,,,,,,,2026-02-20,2026-02-20 18:03:23
AZUL4,Azul,Aviação,stock,1800.0,346.7,2150.03,2708.45,1800.0,117240000.0,-28.0,-28.0,174657.29,47900.0,4480.15,7729.49,2500.0,2500.0,1.03,3.75,39.3,22.99,,,,,,,,,,,87.68,31.5,78.1,1,1,1,,,,,,,-0.11,16.88,0.44,0.68,-27.89,174647.68,47883.12,-28.44,174657.05,47899.32,1,0,0,1,0,0,0,bullish,54050.05,147960405.0,0.79,,,,,,,,,2025-12-29,2026-02-20 18:03:23
SMTO3,São Martinho,Açúcar e Álcool,stock,15.69,3.02,15.63,15.83,15.51,1299700.0,1.75,1.75,2.75,2.75,-49.74,76.89,15.42,15.42,15.27,15.27,31.22,8.87,,,,,,,,,,,27.56,18.29,27.4,0,0,1,,,,,,,-0.11,16.88,0.44,0.68,1.87,-6.85,-14.13,1.31,2.51,2.07,1,0,1,0,0,0,0,neutral,7.89,36280705.0,0.04,,,,,,,,,2026-02-20,2026-02-20 18:03:23
BAC,Bank of America,Bancário,stock,273.74,52.72,52.53,52.97,51.83,17198283.0,0.33,0.33,-0.89,-0.89,30.09,1024.8,52.55,52.55,53.2,53.2,40.53,4.69,,,,,,,,,,,30.94,,65.5,1,,,,,,,,,-0.11,16.88,0.44,0.68,0.45,-10.5,-17.77,-0.11,-1.13,-1.57,0,0,0,0,0,0,0,neutral,14.49,2468242419.15,0.01,,,,,,,,,2026-02-20,2026-02-20 18:03:23
BBAS3,Banco do Brasil,Bancário,stock,26.72,5.15,26.36,26.75,26.16,11671400.0,5.07,5.07,5.95,5.95,90.52,2051.95,25.43,25.43,25.22,25.22,14.02,1.24,,,,,,,,,,,23.3,16.94,47.6,1,1,1,,,,,,,-0.11,16.88,0.44,0.68,5.19,-3.66,-10.93,4.63,5.71,5.27,1,0,0,0,0,0,0,bullish,6.75,499480690.0,0.02,,,,,,,,,2026-02-20,2026-02-20 18:03:23
BBDC3,Bradesco ON,Bancário,stock,18.48,3.56,18.18,18.57,18.15,2388300.0,1.87,1.87,0.87,0.87,8.6,915.23,18.14,18.14,18.32,18.32,17.02,1.82,,,,,,,,,,,13.88,14.26,77.3,1,1,0,,,,,,,-0.11,16.88,0.44,0.68,1.99,-8.73,-16.0,1.44,0.64,0.19,0,1,0,1,0,0,0,neutral,9.01,149690545.0,0.02,,,,,,,,,2026-02-20,2026-02-20 18:03:23
BBDC4,Bradesco PN,Bancário,stock,21.52,4.14,21.09,21.59,21.04,11365200.0,2.62,2.62,0.99,0.99,13.21,-1.95,20.97,20.97,21.31,21.31,19.01,21.95,,,,,,,,,,,15.94,15.74,77.2,1,1,1,,,,,,,-0.11,16.88,0.44,0.68,2.74,-8.62,-15.89,2.18,0.75,0.31,1,0,0,1,0,0,0,bullish,9.45,690890310.0,0.02,,,,,,,,,2026-02-20,2026-02-20 18:03:23
BPAC11,BTG Pactual,Bancário,stock,61.45,11.84,60.99,61.98,60.87,1935200.0,-0.65,3.12,3.99,17.74,130.47,1250.55,61.85,59.59,59.09,52.19,26.66,4.55,,,,,,,,,,,46.32,33.71,72.5,1,1,1,,,,,,,-0.11,16.88,0.44,0.68,-0.53,-5.61,0.87,-1.08,3.76,17.06,1,0,0,1,0,0,0,bullish,3.52,39189285.0,0.05,,,,,,,,,2026-02-20,2026-02-20 18:03:23
GS,Goldman Sachs,Bancário,stock,4762.78,917.36,912.55,920.8,900.57,993835.0,1.35,1.35,-1.93,-1.93,187.14,1169.71,905.14,905.14,935.41,935.41,319.48,72.25,,,,,,,,,,,492.57,268.61,75.7,1,1,1,,,,,,,-0.11,16.88,0.44,0.68,1.46,-11.53,-18.81,0.91,-2.17,-2.61,1,0,0,1,0,0,0,bullish,6.98,43670386.75,0.02,,,,,,,,,2026-02-20,2026-02-20 18:03:24
INBR32,Banco Inter,Bancário,stock,46.84,9.02,47.43,47.43,46.5,997978.0,-1.29,2.65,-4.25,1.89,,121.47,47.45,45.63,48.92,45.97,,21.15,,,,,,,,,,,42.9,,54.5,1,,,,,,,,,-0.11,16.88,0.44,0.68,-1.17,-13.86,-14.98,-1.72,-4.49,1.21,0,0,0,0,0,0,0,neutral,5.44,7983518.4,0.13,,,,,,,,,2026-02-20,2026-02-20 18:03:23
ITUB3,Itaú Unibanco ON,Bancário,stock,45.33,8.73,45.05,45.54,44.79,595600.0,2.23,2.23,8.08,8.08,119.76,2442.44,44.34,44.34,41.94,41.94,20.63,1.78,,,,,,,,,,,25.61,19.33,85.7,1,1,1,,,,,,,-0.11,16.88,0.44,0.68,2.35,-1.52,-8.79,1.79,7.85,7.4,1,0,0,1,0,0,0,bullish,6.58,13956847.0,0.04,,,,,,,,,2026-02-20,2026-02-20 18:03:23
ITUB4,Itaú Unibanco PN,Bancário,stock,48.57,9.36,48.05,48.77,48.02,12330600.0,1.67,1.67,6.75,6.75,115.38,1682.03,47.77,47.77,45.5,45.5,22.55,2.73,,,,,,,,,,,29.25,21.91,82.5,1,1,1,,,,,,,-0.11,16.88,0.44,0.68,1.79,-2.86,-10.13,1.24,6.51,6.07,1,0,0,1,0,0,0,bullish,6.68,485009396.8,0.03,,,,,,,,,2026-02-20,2026-02-20 18:03:23
JPM,JPMorgan Chase,Bancário,stock,1604.76,309.1,308.4,310.39,305.68,3251896.0,2.16,2.16,2.16,2.16,110.03,2255.01,302.55,302.55,302.55,302.55,147.17,13.13,,,,,,,,,,,136.29,,91.0,1,,,,,,,,,-0.11,16.88,0.44,0.68,2.28,-7.44,-14.71,1.73,1.93,1.48,0,0,0,1,0,0,0,neutral,10.61,642925784.8,0.01,,,,,,,,,2026-02-20,2026-02-20 18:03:23
NU,Nubank,Bancário,stock,17.51,3.37,17.2,17.59,17.17,16203958.0,1.13,4.13,-2.91,2.91,,47.81,17.32,16.82,18.04,17.02,,11.85,,,,,,,,,,,14.45,9.91,59.8,1,1,1,,,,,,,-0.11,16.88,0.44,0.68,1.24,-12.51,-13.97,0.69,-3.15,2.23,1,0,0,0,0,0,0,bullish,3.84,181019207.9,0.09,,,,,,,,,2026-02-20,2026-02-20 18:03:23
SANB11,Santander Brasil,Bancário,stock,35.88,6.91,35.25,36.05,35.21,3013000.0,4.0,4.0,-1.21,-1.21,-0.66,60.06,34.5,34.5,36.32,36.32,36.12,22.42,,,,,,,,,,,29.36,,72.6,1,,,,,,,,,-0.11,16.88,0.44,0.68,4.11,-10.82,-18.09,3.56,-1.45,-1.89,0,0,0,1,0,0,0,neutral,6.59,55018770.0,0.05,,,,,,,,,2026-02-20,2026-02-20 18:03:23
WFC,Wells Fargo,Bancário,stock,456.23,87.88,87.36,87.94,86.14,6214265.0,1.03,1.03,1.03,1.03,142.95,8011.54,86.98,86.98,86.98,86.98,36.17,1.08,,,,,,,,,,,53.31,,80.2,1,,,,,,,,,-0.11,16.88,0.44,0.68,1.14,-8.58,-15.85,0.59,0.79,0.35,0,0,0,1,0,0,0,neutral,15.06,1179059003.25,0.01,,,,,,,,,2026-02-20,2026-02-20 18:03:24
ABEV3,Ambev,Bebidas,stock,15.78,3.04,16.06,16.1,15.71,17528700.0,-3.49,-3.49,6.26,6.26,12.55,3271.02,16.35,16.35,14.85,14.85,14.02,0.47,,,,,,,,,,,13.67,14.76,71.7,1,1,0,,,,,,,-0.11,16.88,0.44,0.68,-3.37,-3.34,-10.61,-3.92,6.02,5.58,0,1,0,1,0,0,0,neutral,5.66,599670600.0,0.03,,,,,,,,,2026-02-20,2026-02-20 18:03:23
KO,Coca-Cola,Bebidas,stock,412.13,79.38,79.33,79.57,78.9,6760512.0,0.89,0.89,0.89,0.89,50.6,5343.2,78.68,78.68,78.68,78.68,52.71,1.46,,,,,,,,,,,53.2,,63.0,1,,,,,,,,,-0.11,16.88,0.44,0.68,1.0,-8.71,-15.99,0.45,0.65,0.21,0,0,0,0,0,0,0,neutral,8.32,882694835.6,0.01,,,,,,,,,2026-02-20,2026-02-20 18:03:24
PEP,PepsiCo,Bebidas,stock,850.86,163.88,164.64,164.95,163.02,1753496.0,-1.24,-1.24,-1.24,-1.24,26.86,6045.69,165.94,165.94,165.94,165.94,129.19,2.67,,,,,,,,,,,133.88,,41.2,1,,,,,,,,,-0.11,16.88,0.44,0.68,-1.12,-10.84,-18.12,-1.68,-1.48,-1.92,0,0,0,0,0,0,0,neutral,6.69,343871314.8,0.01,,,,,,,,,2026-02-20,2026-02-20 18:03:24
ECOR3,Ecorodovias,Concessões,stock,10.79,2.08,10.62,10.83,10.58,1367300.0,3.85,3.85,-8.71,-8.71,-0.96,13.8,10.39,10.39,11.82,11.82,10.89,9.48,,,,,,,,,,,7.07,,74.3,1,,,,,,,,,-0.11,16.88,0.44,0.68,3.96,-18.32,-25.59,3.41,-8.95,-9.39,0,0,0,1,0,0,0,neutral,13.66,86002650.0,0.02,,,,,,,,,2026-02-20,2026-02-20 18:03:23
CYRE3,Cyrela,Construção,stock,31.61,6.09,31.55,31.78,30.88,2734100.0,3.17,3.17,5.72,5.72,27.46,4260.0,30.64,30.64,29.9,29.9,24.8,0.73,,,,,,,,,,,21.06,17.66,70.6,1,1,1,,,,,,,-0.11,16.88,0.44,0.68,3.28,-3.89,-11.16,2.73,5.48,5.04,1,0,0,1,0,0,0,bullish,10.38,110718530.0,0.02,,,,,,,,,2026-02-20,2026-02-20 18:03:23
EZTC3,EZTEC,Construção,stock,15.74,3.03,15.7,15.8,15.25,982200.0,3.21,3.21,3.96,3.96,-36.46,119.13,15.25,15.25,15.14,15.14,24.77,7.18,,,,,,,,,,,12.57,14.19,70.2,1,1,0,,,,,,,-0.11,16.88,0.44,0.68,3.33,-5.64,-12.91,2.77,3.73,3.28,0,1,0,1,0,0,0,neutral,11.83,45382151.5,0.02,,,,,,,,,2026-02-20,2026-02-20 18:03:23
JHSF3,JHSF Participações,Construção,stock,9.95,1.92,9.88,9.96,9.82,1159900.0,3.11,3.11,4.19,4.19,53.55,-13.48,9.65,9.65,9.55,9.55,6.48,11.5,,,,,,,,,,,5.45,4.36,91.7,1,1,1,,,,,,,-0.11,16.88,0.44,0.68,3.22,-5.42,-12.69,2.67,3.95,3.51,1,0,0,1,0,0,0,bullish,10.86,69904435.0,0.02,,,,,,,,,2026-02-20,2026-02-20 18:03:23
LAVV3,Lavvi,Construção,stock,18.65,3.59,18.65,18.73,18.36,103500.0,-0.16,2.64,7.87,18.49,145.07,116.11,18.68,18.17,17.29,15.74,7.61,8.63,,,,,,,,,,,13.74,8.76,66.2,1,1,1,,,,,,,-0.11,16.88,0.44,0.68,-0.05,-1.74,1.61,-0.6,7.63,17.81,1,0,0,0,0,0,0,bullish,4.12,2492340.0,0.04,,,,,,,,,2026-02-20,2026-02-20 18:03:23
MRVE3,MRV,Construção,stock,10.05,1.94,9.97,10.07,9.73,2588300.0,2.66,2.66,24.54,24.54,-40.25,3.64,9.79,9.79,8.07,8.07,16.82,9.7,,,,,,,,,,,8.26,10.91,68.3,1,0,0,,,,,,,-0.11,16.88,0.44,0.68,2.77,14.93,7.66,2.22,24.3,23.86,0,1,0,0,0,0,0,neutral,14.56,213395600.0,0.01,,,,,,,,,2026-02-20,2026-02-20 18:03:23
TEND3,Tenda,Construção,stock,32.92,6.34,33.85,33.85,31.96,1850800.0,0.86,0.86,19.28,19.28,31.6,259.78,32.64,32.64,27.6,27.6,25.02,9.15,,,,,,,,,,,13.55,11.21,74.8,1,1,1,,,,,,,-0.11,16.88,0.44,0.68,0.97,9.67,2.4,0.42,19.04,18.6,1,0,0,1,0,0,0,bullish,14.96,47185325.0,0.04,,,,,,,,,2026-02-20,2026-02-20 18:03:23
BTC-USD,Bitcoin,Criptomoeda,crypto,350952.63,67597.48,66959.87,68242.56,66570.2,45011054592.0,-1.81,-1.81,-14.02,-14.02,49.76,19880.28,68843.16,68843.16,78621.12,78621.12,45137.77,338.32,,,,,,,,,,,57647.46,,34.6,1,,,,,,,,,-0.11,16.88,0.44,0.68,-1.7,-23.63,-30.9,-2.25,-14.26,-14.7,0,0,0,0,0,0,0,neutral,14.45,1431348449318.8,0.03,,,,,,,,,2026-02-20,2026-02-20 18:03:24
ETH-USD,Ethereum,Criptomoeda,crypto,10207.88,1966.15,1948.31,1971.32,1926.21,21151617024.0,0.92,0.01,-30.18,-37.4,1.58,538.55,1948.2,1966.04,2815.9,3140.71,1935.6,307.91,,,,,,,,,,,3040.15,2436.39,30.1,0,0,1,,,,,,,-0.11,16.88,0.44,0.68,1.04,-39.78,-54.28,0.48,-30.41,-38.08,1,0,0,0,0,0,0,neutral,8.2,190042974416.4,0.11,,,,,,,,,2026-02-20,2026-02-20 18:03:24
USDBRL=X,Dólar/Real,Câmbio,currency,5.19,1.0,5.22,5.23,5.18,0.0,-0.52,-0.52,0.03,0.03,-7.27,78.93,5.22,5.22,5.19,5.19,5.6,2.9,,,,,,,,,,,5.28,3.68,25.4,0,1,1,,,,,,,-0.11,16.88,0.44,0.68,-0.41,-9.58,-16.85,-0.96,-0.21,-0.65,1,0,1,0,0,0,0,bullish,2.84,0.0,,,,,,,,,,2026-02-20,2026-02-20 18:03:24
COGN3,Cogna,Educação,stock,3.58,0.69,3.55,3.63,3.5,17276300.0,3.47,3.47,-21.32,-21.32,5.29,38.48,3.46,3.46,4.55,4.55,3.4,2.59,,,,,,,,,,,2.33,,70.4,1,,,,,,,,,-0.11,16.88,0.44,0.68,3.58,-30.92,-38.2,3.03,-21.56,-22.0,0,0,0,1,0,0,0,neutral,17.19,824244181.0,0.02,,,,,,,,,2026-02-20,2026-02-20 18:03:23
YDUQ3,Yduqs,Educação,stock,13.25,2.55,13.25,13.45,13.02,1376800.0,2.87,2.87,-9.68,-9.68,-56.01,103.85,12.88,12.88,14.67,14.67,30.12,6.5,,,,,,,,,,,14.13,18.29,58.2,0,0,0,,,,,,,-0.11,16.88,0.44,0.68,2.99,-19.28,-26.56,2.43,-9.92,-10.36,0,1,0,0,0,0,0,bearish,12.6,85512295.0,0.02,,,,,,,,,2026-02-20,2026-02-20 18:03:23
AURE3,Auren Energia,Energia Elétrica,stock,11.56,2.23,11.68,11.76,11.45,1284900.0,-1.78,-0.69,-2.86,-0.6,,-28.15,11.77,11.64,11.9,11.63,,16.09,,,,,,,,,,,10.38,12.23,46.1,1,0,0,,,,,,,-0.11,16.88,0.44,0.68,-1.67,-12.46,-17.48,-2.22,-3.09,-1.28,0,1,0,0,0,0,0,neutral,2.72,21536935.0,0.06,,,,,,,,,2026-02-20,2026-02-20 18:03:23
CMIG4,Cemig PN,Energia Elétrica,stock,11.84,2.28,11.8,11.91,11.63,5666800.0,0.68,0.68,3.14,3.14,86.54,-99.85,11.76,11.76,11.48,11.48,6.35,7911.92,,,,,,,,,,,9.92,7.45,59.9,1,1,1,,,,,,,-0.11,16.88,0.44,0.68,0.79,-6.47,-13.74,0.24,2.9,2.46,1,0,0,0,0,0,0,bullish,4.2,236966325.0,0.02,,,,,,,,,2026-02-20,2026-02-20 18:03:23
CPFE3,CPFL Energia,Energia Elétrica,stock,49.6,9.55,49.59,49.99,49.24,324300.0,-2.25,-2.25,-3.61,-3.61,71.86,14890.87,50.74,50.74,51.46,51.46,28.86,0.33,,,,,,,,,,,36.31,26.29,76.7,1,1,1,,,,,,,-0.11,16.88,0.44,0.68,-2.13,-13.22,-20.49,-2.68,-3.85,-4.29,1,0,0,1,0,0,0,bullish,5.68,34211020.0,0.01,,,,,,,,,2026-02-20,2026-02-20 18:03:23
CPLE3,Copel ON,Energia Elétrica,stock,14.33,2.76,14.19,14.42,14.04,8520100.0,2.58,2.58,8.73,8.73,149.22,1298.05,13.97,13.97,13.18,13.18,5.75,1.02,,,,,,,,,,,8.93,4.78,85.5,1,1,1,,,,,,,-0.11,16.88,0.44,0.68,2.69,-0.88,-8.15,2.14,8.49,8.05,1,0,0,1,0,0,0,bullish,5.63,144353660.0,0.06,,,,,,,,,2026-02-20,2026-02-20 18:03:23
EGIE3,Engie Brasil,Energia Elétrica,stock,33.51,6.45,33.6,33.68,33.11,648300.0,-0.56,-0.56,2.26,2.26,14.01,1235.82,33.7,33.7,32.77,32.77,29.39,2.51,,,,,,,,,,,29.72,23.58,71.0,1,1,1,,,,,,,-0.11,16.88,0.44,0.68,-0.45,-7.35,-14.62,-1.0,2.02,1.58,1,0,0,1,0,0,0,bullish,5.57,36673291.0,0.02,,,,,,,,,2026-02-20,2026-02-20 18:03:23
ENEV3,Eneva,Energia Elétrica,stock,21.95,4.23,21.65,22.41,21.6,7870600.0,2.38,2.38,3.93,3.93,29.12,-85.09,21.44,21.44,21.12,21.12,17.0,147.26,,,,,,,,,,,13.89,38.99,95.2,1,0,0,,,,,,,-0.11,16.88,0.44,0.68,2.49,-5.67,-12.95,1.94,3.69,3.25,0,1,0,1,0,0,0,bearish,7.06,205693210.0,0.04,,,,,,,,,2026-02-20,2026-02-20 18:03:23
ENGI11,Energisa,Energia Elétrica,stock,52.52,10.12,52.2,52.79,51.97,1165600.0,1.78,1.78,2.96,2.96,32.29,517.21,51.6,51.6,51.01,51.01,39.7,8.51,,,,,,,,,,,42.1,,78.9,1,,,,,,,,,-0.11,16.88,0.44,0.68,1.9,-6.64,-13.92,1.34,2.72,2.28,0,0,0,1,0,0,0,neutral,5.98,59773912.5,0.02,,,,,,,,,2026-02-20,2026-02-20 18:03:23
EQTL3,Equatorial,Energia Elétrica,stock,41.12,7.92,40.84,41.46,40.76,3304300.0,0.29,0.29,0.49,0.49,104.82,1138.83,41.0,41.0,40.92,40.92,20.08,3.32,,,,,,,,,,,31.6,15.45,77.8,1,1,1,,,,,,,-0.11,16.88,0.44,0.68,0.41,-9.12,-16.39,-0.15,0.25,-0.19,1,0,0,1,0,0,0,bullish,5.78,155929877.25,0.02,,,,,,,,,2026-02-20,2026-02-20 18:03:23
NEOE3,Neoenergia,Energia Elétrica,stock,32.76,6.31,32.73,32.77,32.73,981700.0,0.03,0.12,1.49,3.34,83.84,85.4,32.75,32.72,32.28,31.7,17.82,17.67,,,,,,,,,,,27.46,20.39,83.4,1,1,1,,,,,,,-0.11,16.88,0.44,0.68,0.14,-8.12,-13.53,-0.41,1.25,2.67,1,0,0,1,0,0,0,bullish,2.65,13367810.0,0.07,,,,,,,,,2026-02-20,2026-02-20 18:03:23
TAEE11,Taesa,Energia Elétrica,stock,44.86,8.64,44.56,45.05,44.04,1006900.0,2.89,2.89,7.76,7.76,45.84,334.13,43.6,43.6,41.63,41.63,30.76,10.33,,,,,,,,,,,37.03,25.43,76.2,1,1,1,,,,,,,-0.11,16.88,0.44,0.68,3.0,-1.85,-9.12,2.45,7.52,7.08,1,0,0,1,0,0,0,bullish,4.39,35538185.0,0.03,,,,,,,,,2026-02-20,2026-02-20 18:03:23
PFE,Pfizer,Farmacêutico,stock,137.82,26.55,26.71,26.76,26.35,20100314.0,-3.75,-3.75,-3.75,-3.75,-20.74,1568.28,27.58,27.58,27.58,27.58,33.49,1.59,,,,,,,,,,,34.38,,18.2,0,,,,,,,,,-0.11,16.88,0.44,0.68,-3.64,-13.36,-20.63,-4.19,-3.99,-4.43,0,0,1,0,0,0,0,neutral,11.0,2118945200.7,0.01,,,,,,,,,2026-02-20,2026-02-20 18:03:24
GGPS3,GPS Participações,Holding,stock,19.24,3.71,19.43,19.44,19.1,714900.0,-1.08,2.89,5.89,19.8,,66.45,19.45,18.7,18.17,16.06,,11.56,,,,,,,,,,,15.48,14.45,60.3,1,1,1,,,,,,,-0.11,16.88,0.44,0.68,-0.97,-3.72,2.92,-1.52,5.65,19.12,1,0,0,0,0,0,0,bullish,4.73,13948845.25,0.05,,,,,,,,,2026-02-20,2026-02-20 18:03:23
ITSA4,Itaúsa PN,Holding,stock,14.84,2.86,14.72,14.91,14.68,10758700.0,1.64,1.64,8.64,8.64,95.39,2103.76,14.6,14.6,13.66,13.66,7.59,0.67,,,,,,,,,,,9.29,7.01,80.3,1,1,1,,,,,,,-0.11,16.88,0.44,0.68,1.76,-0.97,-8.24,1.21,8.4,7.96,1,0,0,1,0,0,0,bullish,6.8,545692299.4,0.02,,,,,,,,,2026-02-20,2026-02-20 18:03:23
LEVE3,Metal Leve,Industrial,stock,35.33,6.8,35.69,35.69,35.14,96600.0,0.6,0.6,2.82,2.82,102.39,1025.05,35.12,35.12,34.36,34.36,17.46,3.14,,,,,,,,,,,31.49,24.26,69.3,1,1,1,,,,,,,-0.11,16.88,0.44,0.68,0.71,-6.78,-14.05,0.16,2.59,2.14,1,0,0,0,0,0,0,bullish,7.35,6530140.0,0.01,,,,,,,,,2026-02-20,2026-02-20 18:03:23
POMO4,Marcopolo,Industrial,stock,6.47,1.25,6.5,6.52,6.42,3492200.0,1.73,1.73,0.31,0.31,240.25,2359.16,6.36,6.36,6.45,6.45,1.9,0.26,,,,,,,,,,,4.96,3.25,43.3,1,1,1,,,,,,,-0.11,16.88,0.44,0.68,1.84,-9.29,-16.57,1.29,0.07,-0.37,1,0,0,0,0,0,0,bullish,10.59,249162354.5,0.01,,,,,,,,,2026-02-20,2026-02-20 18:03:23
RAPT4,Randon,Industrial,stock,6.47,1.25,6.54,6.54,6.35,2604800.0,1.89,1.89,0.47,0.47,-50.38,3089.94,6.35,6.35,6.44,6.44,13.04,0.2,,,,,,,,,,,9.5,8.32,30.9,0,0,1,,,,,,,-0.11,16.88,0.44,0.68,2.0,-9.14,-16.41,1.45,0.23,-0.21,1,0,0,0,0,0,0,neutral,8.98,63367425.0,0.04,,,,,,,,,2026-02-20,2026-02-20 18:03:23
WEGE3,WEG,Industrial,stock,51.06,9.83,51.2,51.76,49.9,8049100.0,-5.09,-5.09,-1.28,-1.28,30.84,34416.79,53.8,53.8,51.72,51.72,39.03,0.15,,,,,,,,,,,40.62,17.72,45.1,1,1,1,,,,,,,-0.11,16.88,0.44,0.68,-4.98,-10.88,-18.15,-5.53,-1.51,-1.95,1,0,0,0,0,0,0,bullish,8.05,153707570.0,0.05,,,,,,,,,2026-02-20,2026-02-20 18:03:23
MOVI3,Movida,Locação de Veículos,stock,13.83,2.66,13.26,14.02,13.18,2542700.0,3.44,4.61,25.73,39.7,-28.6,56.71,13.37,13.22,11.0,9.9,19.37,8.83,,,,,,,,,,,8.53,9.02,68.2,1,1,0,,,,,,,-0.11,16.88,0.44,0.68,3.55,16.12,22.82,3.0,25.49,39.02,0,1,0,0,0,0,0,neutral,8.55,19343320.0,0.13,,,,,,,,,2026-02-20,2026-02-20 18:03:23
RENT3,Localiza,Locação de Veículos,stock,52.14,10.04,51.72,52.64,51.67,1642800.0,1.36,1.36,7.75,7.75,-9.68,4231.63,51.44,51.44,48.39,48.39,57.73,1.2,,,,,,,,,,,50.07,27.9,72.7,1,1,1,,,,,,,-0.11,16.88,0.44,0.68,1.48,-1.85,-9.13,0.92,7.51,7.07,1,0,0,1,0,0,0,bullish,10.69,185951825.0,0.01,,,,,,,,,2026-02-20,2026-02-20 18:03:23
RAIL3,Rumo,Logística,stock,16.39,3.16,16.27,16.41,16.19,2624000.0,0.92,0.92,11.04,11.04,-9.45,30.08,16.24,16.24,14.76,14.76,18.1,12.6,,,,,,,,,,,19.1,,43.8,0,,,,,,,,,-0.11,16.88,0.44,0.68,1.04,1.44,-5.83,0.49,10.81,10.36,0,0,0,0,0,0,0,neutral,6.94,260633770.0,0.01,,,,,,,,,2026-02-20,2026-02-20 18:03:23
GC=F,Ouro,Metal Precioso,commodity,26461.57,5096.8,5015.0,5097.3,4999.3,102860.0,8.12,8.12,8.12,8.12,194.94,1762.87,4713.9,4713.9,4713.9,4713.9,1728.1,273.6,,,,,,,,,,,2436.59,1566.92,96.2,1,1,1,,,,,,,-0.11,16.88,0.44,0.68,8.24,-1.48,-8.75,7.68,7.89,7.44,1,0,0,1,0,0,0,bullish,4.29,100415.95,1.02,,,,,,,,,2026-02-20,2026-02-20 18:03:24
PA=F,Paládio,Metal Precioso,commodity,9210.25,1774.0,1704.5,1774.0,1681.5,4344.0,5.08,5.08,5.08,5.08,-23.21,540.43,1688.3,1688.3,1688.3,1688.3,2310.1,277.0,,,,,,,,,,,1500.59,1020.79,71.7,1,1,1,,,,,,,-0.11,16.88,0.44,0.68,5.19,-4.53,-11.8,4.64,4.84,4.4,1,0,0,1,0,0,1,bullish,10.23,1979.05,2.19,,,,,,,,,2026-02-20,2026-02-20 18:03:24
PL=F,Platina,Metal Precioso,commodity,11292.68,2175.1,2088.5,2177.7,2060.1,12196.0,3.44,3.44,3.44,3.44,83.79,467.47,2102.8,2102.8,2102.8,2102.8,1183.5,383.3,,,,,,,,,,,1091.11,1199.19,87.2,1,1,0,,,,,,,-0.11,16.88,0.44,0.68,3.55,-6.17,-13.44,3.0,3.2,2.76,0,1,0,1,0,0,1,neutral,8.27,4342.85,2.81,,,,,,,,,2026-02-20,2026-02-20 18:03:24
SI=F,Prata,Metal Precioso,commodity,430.19,82.86,78.47,82.94,77.29,42603.0,5.84,5.84,5.84,5.84,213.84,1591.37,78.29,78.29,78.29,78.29,26.4,4.9,,,,,,,,,,,30.33,22.44,92.0,1,1,1,,,,,,,-0.11,16.88,0.44,0.68,5.95,-3.77,-11.04,5.4,5.6,5.16,1,0,0,1,0,0,0,bullish,8.47,32180.9,1.32,,,,,,,,,2026-02-20,2026-02-20 18:03:24
BRAP4,Bradespar PN,Mineração,stock,23.32,4.49,23.1,23.48,22.88,1868000.0,-2.39,-2.39,-2.06,-2.06,-19.52,617.54,23.89,23.89,23.81,23.81,28.98,3.25,,,,,,,,,,,22.06,16.18,76.6,1,1,1,,,,,,,-0.11,16.88,0.44,0.68,-2.27,-11.66,-18.94,-2.82,-2.3,-2.74,1,0,0,1,0,0,0,bullish,6.4,74480700.0,0.03,,,,,,,,,2026-02-20,2026-02-20 18:03:23
CMIN3,CSN Mineração,Mineração,stock,5.25,1.01,5.29,5.33,5.23,4095200.0,-1.5,-3.85,-12.06,-0.94,,-41.21,5.33,5.46,5.97,5.3,,8.93,,,,,,,,,,,5.47,5.1,43.8,0,1,1,,,,,,,-0.11,16.88,0.44,0.68,-1.39,-21.66,-17.82,-1.94,-12.3,-1.62,1,0,0,0,0,0,0,neutral,3.77,31175290.0,0.13,,,,,,,,,2026-02-20,2026-02-20 18:03:23
VALE3,Vale,Mineração,stock,85.14,16.4,83.8,85.86,83.42,17508600.0,-2.17,-2.17,0.97,0.97,-9.92,2404.12,87.03,87.03,84.32,84.32,94.52,3.4,,,,,,,,,,,69.2,50.09,85.2,1,1,1,,,,,,,-0.11,16.88,0.44,0.68,-2.06,-8.63,-15.9,-2.61,0.73,0.29,1,0,0,1,0,0,0,bullish,5.99,468580365.0,0.04,,,,,,,,,2026-02-20,2026-02-20 18:03:23
KLBN11,Klabin,Papel e Celulose,stock,19.96,3.84,20.1,20.14,19.74,3463900.0,-2.11,-2.11,4.18,4.18,-25.76,91.2,20.39,20.39,19.16,19.16,26.89,10.44,,,,,,,,,,,19.44,,36.7,1,,,,,,,,,-0.11,16.88,0.44,0.68,-1.99,-5.43,-12.7,-2.55,3.94,3.5,0,0,0,0,0,0,0,neutral,5.25,99566239.65,0.03,,,,,,,,,2026-02-20,2026-02-20 18:03:23
RANI3,Irani,Papel e Celulose,stock,9.46,1.82,9.48,9.52,9.33,347600.0,2.27,2.27,4.07,4.07,58.72,2038693.06,9.25,9.25,9.09,9.09,5.96,0.0,,,,,,,,,,,8.4,4.23,74.9,1,1,1,,,,,,,-0.11,16.88,0.44,0.68,2.38,-5.53,-12.81,1.83,3.83,3.39,1,0,0,1,0,0,0,bullish,5.77,14313540.0,0.02,,,,,,,,,2026-02-20,2026-02-20 18:03:23
SUZB3,Suzano,Papel e Celulose,stock,56.39,10.86,57.13,57.13,56.04,1741500.0,-3.34,-3.34,14.31,14.31,-22.93,1074.79,58.34,58.34,49.33,49.33,73.17,4.8,,,,,,,,,,,52.1,33.72,42.0,1,1,1,,,,,,,-0.11,16.88,0.44,0.68,-3.23,4.71,-2.57,-3.78,14.07,13.63,1,0,0,0,0,0,0,bullish,7.75,114795255.0,0.02,,,,,,,,,2026-02-20,2026-02-20 18:03:23
CSAN3,Cosan,Petróleo e Gás,stock,6.4,1.23,6.36,6.47,6.3,16667900.0,4.58,4.58,8.47,8.47,-68.55,27.02,6.12,6.12,5.9,5.9,20.35,5.04,,,,,,,,,,,13.56,11.0,39.6,0,0,1,,,,,,,-0.11,16.88,0.44,0.68,4.69,-1.13,-8.4,4.14,8.24,7.8,1,0,0,0,0,0,0,neutral,8.17,460352815.0,0.04,,,,,,,,,2026-02-20,2026-02-20 18:03:23
CVX,Chevron,Petróleo e Gás,stock,953.84,183.72,184.59,184.89,182.32,3920835.0,-0.01,-0.01,-0.01,-0.01,75.32,2007.18,183.74,183.74,183.74,183.74,104.79,8.72,,,,,,,,,,,125.84,,51.3,1,,,,,,,,,-0.11,16.88,0.44,0.68,0.1,-9.62,-16.89,-0.45,-0.25,-0.69,0,0,0,0,0,0,0,neutral,15.39,545833156.75,0.01,,,,,,,,,2026-02-20,2026-02-20 18:03:24
PETR3,Petrobras ON,Petróleo e Gás,stock,40.53,7.81,40.79,41.22,40.4,4277800.0,2.09,2.09,0.35,0.35,82.98,706.19,39.7,39.7,40.39,40.39,22.15,5.03,,,,,,,,,,,35.92,25.57,48.3,1,1,1,,,,,,,-0.11,16.88,0.44,0.68,2.2,-9.26,-16.53,1.65,0.11,-0.33,1,0,0,0,0,0,0,bullish,8.13,202058025.0,0.02,,,,,,,,,2026-02-20,2026-02-20 18:03:23
PETR4,Petrobras PN,Petróleo e Gás,stock,37.63,7.25,37.67,37.94,37.45,21591000.0,2.01,2.01,-0.34,-0.34,69.2,551.6,36.89,36.89,37.76,37.76,22.24,5.78,,,,,,,,,,,33.15,23.8,49.9,1,1,1,,,,,,,-0.11,16.88,0.44,0.68,2.12,-9.95,-17.22,1.57,-0.58,-1.02,1,0,0,0,0,0,0,bullish,7.46,683056640.0,0.03,,,,,,,,,2026-02-20,2026-02-20 18:03:23
PRIO3,PetroRio,Petróleo e Gás,stock,54.27,10.45,54.93,54.94,54.15,5189000.0,3.25,3.25,6.43,6.43,224.54,100.41,52.56,52.56,50.99,50.99,16.72,27.08,,,,,,,,,,,39.19,,65.0,1,,,,,,,,,-0.11,16.88,0.44,0.68,3.37,-3.17,-10.44,2.82,6.19,5.75,0,0,0,0,0,0,0,neutral,8.17,183169015.0,0.03,,,,,,,,,2026-02-20,2026-02-20 18:03:23
RAIZ4,Raízen,Petróleo e Gás,stock,0.6,0.12,0.62,0.63,0.58,53036800.0,-3.23,-4.76,-25.93,-25.0,,-91.55,0.62,0.63,0.81,0.8,,7.1,,,,,,,,,,,1.26,2.94,36.1,0,0,0,,,,,,,-0.11,16.88,0.44,0.68,-3.11,-35.53,-41.88,-3.66,-26.16,-25.68,0,1,0,0,0,0,0,bearish,10.21,131527265.0,0.4,,,,,,,,,2026-02-20,2026-02-20 18:03:23
RECV3,PetroReconcavo,Petróleo e Gás,stock,11.44,2.2,11.34,11.55,11.3,2763800.0,0.62,5.44,2.97,3.91,,-29.57,11.37,10.85,11.11,11.01,,16.24,,,,,,,,,,,12.79,19.99,57.0,0,0,0,,,,,,,-0.11,16.88,0.44,0.68,0.73,-6.63,-12.97,0.18,2.73,3.23,0,1,0,0,0,0,0,bearish,3.31,16915465.0,0.16,,,,,,,,,2026-02-20,2026-02-20 18:03:23
UGPA3,Ultrapar,Petróleo e Gás,stock,27.43,5.28,27.41,27.49,27.1,1607000.0,1.67,1.67,8.08,8.08,208.16,-100.0,26.98,26.98,25.38,25.38,8.9,3780717.5,,,,,,,,,,,18.97,12.97,80.2,1,1,1,,,,,,,-0.11,16.88,0.44,0.68,1.78,-1.53,-8.8,1.23,7.84,7.4,1,0,0,1,0,0,0,bullish,8.95,119739095.0,0.01,,,,,,,,,2026-02-20,2026-02-20 18:03:23
VBBR3,Vibra Energia,Petróleo e Gás,stock,31.68,6.1,31.5,31.78,31.2,1665100.0,0.35,-0.16,11.55,22.98,48.44,50.21,31.57,31.73,28.4,25.76,21.34,21.09,,,,,,,,,,,22.21,19.19,86.7,1,1,1,,,,,,,-0.11,16.88,0.44,0.68,0.46,1.95,6.1,-0.09,11.31,22.3,1,0,0,1,0,0,0,bullish,3.68,41819228.9,0.04,,,,,,,,,2026-02-20,2026-02-20 18:03:23
XOM,Exxon Mobil,Petróleo e Gás,stock,762.21,146.81,150.49,150.81,146.46,10570901.0,-1.1,-1.1,-1.1,-1.1,162.96,2237.27,148.45,148.45,148.45,148.45,55.83,6.28,,,,,,,,,,,88.11,,64.6,1,,,,,,,,,-0.11,16.88,0.44,0.68,-0.99,-10.71,-17.98,-1.54,-1.34,-1.78,0,0,0,0,0,0,0,neutral,16.5,1105608320.05,0.01,,,,,,,,,2026-02-20,2026-02-20 18:03:24
MCD,McDonald's,Restaurantes,stock,1699.95,327.43,328.03,330.22,325.96,1140293.0,-0.05,-0.05,-0.05,-0.05,46.08,9847.24,327.58,327.58,327.58,327.58,224.14,3.29,,,,,,,,,,,204.68,,61.1,1,,,,,,,,,-0.11,16.88,0.44,0.68,0.07,-9.65,-16.92,-0.48,-0.28,-0.72,0,0,0,0,0,0,0,neutral,8.84,178133594.65,0.01,,,,,,,,,2026-02-20,2026-02-20 18:03:24
CSMG3,Copasa,Saneamento,stock,57.69,11.11,57.73,58.07,56.89,1245900.0,3.37,3.37,12.79,12.79,299.79,630.0,55.81,55.81,51.15,51.15,14.43,7.9,,,,,,,,,,,22.89,15.32,87.9,1,1,1,,,,,,,-0.11,16.88,0.44,0.68,3.48,3.18,-4.09,2.93,12.55,12.11,1,0,0,1,0,0,0,bullish,9.08,42828025.0,0.03,,,,,,,,,2026-02-20,2026-02-20 18:03:23
SAPR11,Sanepar,Saneamento,stock,46.4,8.94,46.78,46.78,45.81,369700.0,-0.66,0.5,-0.58,15.45,121.27,132.39,46.71,46.17,46.67,40.19,20.97,19.97,,,,,,,,,,,36.14,26.41,88.2,1,1,1,,,,,,,-0.11,16.88,0.44,0.68,-0.55,-10.18,-1.43,-1.1,-0.82,14.77,1,0,0,1,0,0,0,bullish,3.3,6397315.0,0.06,,,,,,,,,2026-02-20,2026-02-20 18:03:23
SBSP3,Sabesp,Saneamento,stock,153.04,29.48,152.54,153.86,150.92,732000.0,0.35,0.35,8.37,8.37,328.2,2324.26,152.5,152.5,141.22,141.22,35.74,6.31,,,,,,,,,,,80.19,40.47,84.0,1,1,1,,,,,,,-0.11,16.88,0.44,0.68,0.47,-1.23,-8.51,-0.08,8.13,7.69,1,0,0,1,0,0,0,bullish,6.71,66573486.95,0.01,,,,,,,,,2026-02-20,2026-02-20 18:03:23
FLRY3,Fleury,Saúde,stock,17.95,3.46,17.89,18.1,17.69,880600.0,2.45,2.45,8.0,8.0,-29.05,95.33,17.52,17.52,16.62,16.62,25.3,9.19,,,,,,,,,,,14.97,,73.2,1,,,,,,,,,-0.11,16.88,0.44,0.68,2.57,-1.6,-8.87,2.02,7.76,7.32,0,0,0,1,0,0,0,neutral,6.96,64405010.0,0.01,,,,,,,,,2026-02-20,2026-02-20 18:03:23
HAPV3,Hapvida,Saúde,stock,10.54,2.03,10.7,11.04,10.51,5423300.0,-2.32,1.35,-23.29,-27.61,-95.92,-87.45,10.79,10.4,13.74,14.56,258.6,84.0,,,,,,,,,,,28.87,56.93,22.1,0,0,0,,,,,,,-0.11,16.88,0.44,0.68,-2.2,-32.89,-44.49,-2.76,-23.53,-28.29,0,1,1,0,0,0,0,bearish,9.66,44049325.0,0.12,,,,,,,,,2026-02-20,2026-02-20 18:03:23
HYPE3,Hypera,Saúde,stock,23.61,4.55,23.35,23.88,23.3,1647900.0,1.33,1.33,-6.35,-6.35,-27.97,114.73,23.3,23.3,25.21,25.21,32.78,10.99,,,,,,,,,,,32.13,25.95,60.9,0,0,1,,,,,,,-0.11,16.88,0.44,0.68,1.44,-15.95,-23.22,0.89,-6.58,-7.03,1,0,0,0,0,0,0,neutral,9.27,77887845.0,0.02,,,,,,,,,2026-02-20,2026-02-20 18:03:23
JNJ,Johnson & Johnson,Saúde,stock,1261.76,243.03,246.47,246.88,240.28,6476010.0,-0.17,-0.17,-0.17,-0.17,47.87,9158.29,243.45,243.45,243.45,243.45,164.35,2.63,,,,,,,,,,,144.89,,65.4,1,,,,,,,,,-0.11,16.88,0.44,0.68,-0.06,-9.78,-17.05,-0.61,-0.41,-0.85,0,0,0,0,0,0,0,neutral,8.61,488781605.5,0.01,,,,,,,,,2026-02-20,2026-02-20 18:03:24
PNVL3,Dasa,Saúde,stock,15.75,3.03,15.55,15.76,15.51,9045100.0,0.96,0.96,19.05,19.05,-16.22,3136.31,15.6,15.6,13.23,13.23,18.8,0.49,,,,,,,,,,,11.04,10.85,83.5,1,1,1,,,,,,,-0.11,16.88,0.44,0.68,1.08,9.44,2.17,0.52,18.81,18.37,1,0,0,1,0,0,0,bullish,8.16,8251490.0,1.1,,,,,,,,,2026-02-20,2026-02-20 18:03:23
QUAL3,Qualicorp,Saúde,stock,2.43,0.47,2.55,2.58,2.41,3532300.0,5.19,5.19,7.05,7.05,-92.31,-83.75,2.31,2.31,2.27,2.27,31.59,14.95,,,,,,,,,,,4.3,,58.8,0,,,,,,,,,-0.11,16.88,0.44,0.68,5.31,-2.56,-9.83,4.76,6.81,6.37,0,0,0,0,0,0,0,neutral,17.74,62890210.0,0.06,,,,,,,,,2026-02-20,2026-02-20 18:03:23
RADL3,Raia Drogasil,Saúde,stock,26.1,5.03,26.14,26.33,25.86,2955200.0,0.58,0.58,6.53,6.53,19.19,391439.16,25.95,25.95,24.5,24.5,21.9,0.01,,,,,,,,,,,22.87,13.15,60.5,1,1,1,,,,,,,-0.11,16.88,0.44,0.68,0.69,-3.07,-10.35,0.14,6.29,5.85,1,0,0,0,0,0,0,bullish,10.47,198497686.8,0.01,,,,,,,,,2026-02-20,2026-02-20 18:03:23
RDOR3,Rede D'Or,Saúde,stock,44.56,8.58,44.38,44.85,43.89,2432900.0,-0.18,4.45,1.39,10.11,-38.92,-34.71,44.64,42.66,43.95,40.47,72.96,68.25,,,,,,,,,,,38.36,31.08,49.9,1,1,1,,,,,,,-0.11,16.88,0.44,0.68,-0.06,-8.22,-6.77,-0.62,1.15,9.43,1,0,0,0,0,0,0,bullish,4.48,25203500.0,0.1,,,,,,,,,2026-02-20,2026-02-20 18:03:23
UNH,UnitedHealth,Saúde,stock,1491.09,287.2,288.9,289.91,285.55,3420075.0,-2.04,-2.04,-2.04,-2.04,-22.81,122438.67,293.19,293.19,293.19,293.19,372.07,0.23,,,,,,,,,,,304.78,,30.8,0,,,,,,,,,-0.11,16.88,0.44,0.68,-1.93,-11.65,-18.92,-2.48,-2.28,-2.72,0,0,0,0,0,0,0,neutral,13.57,309813993.75,0.01,,,,,,,,,2026-02-20,2026-02-20 18:03:24
BBSE3,BB Seguridade,Seguros,stock,33.88,6.53,33.58,33.93,33.47,6967600.0,0.18,0.18,-9.19,-9.19,33.23,83.43,33.82,33.82,37.31,37.31,25.43,18.47,,,,,,,,,,,32.88,,40.5,1,,,,,,,,,-0.11,16.88,0.44,0.68,0.29,-18.8,-26.07,-0.26,-9.43,-9.87,0,0,0,0,0,0,0,neutral,4.92,104548050.0,0.07,,,,,,,,,2026-02-20,2026-02-20 18:03:23
IRBR3,IRB Brasil RE,Seguros,stock,58.6,11.29,58.96,59.04,58.2,192200.0,-0.91,-1.21,6.12,11.92,-63.16,-73.18,59.14,59.32,55.22,52.36,159.06,218.53,,,,,,,,,,,49.47,42.54,69.1,1,1,1,,,,,,,-0.11,16.88,0.44,0.68,-0.8,-3.48,-4.96,-1.35,5.88,11.24,1,0,0,0,0,0,0,bullish,3.9,3492690.0,0.06,,,,,,,,,2026-02-20,2026-02-20 18:03:23
PSSA3,Porto Seguro,Seguros,stock,51.19,9.86,51.48,51.92,50.92,926900.0,0.37,0.37,1.89,1.89,134.87,1398.24,51.0,51.0,50.24,50.24,21.8,3.42,,,,,,,,,,,33.17,21.23,68.0,1,1,1,,,,,,,-0.11,16.88,0.44,0.68,0.49,-7.71,-14.99,-0.07,1.65,1.21,1,0,0,0,0,0,0,bullish,6.06,39644000.0,0.02,,,,,,,,,2026-02-20,2026-02-20 18:03:23
B3SA3,B3,Serviços Financeiros,stock,17.73,3.42,17.54,17.83,17.45,12237000.0,1.55,1.55,9.78,9.78,-2.04,-47.7,17.46,17.46,16.15,16.15,18.1,33.9,,,,,,,,,,,12.77,9.59,70.8,1,1,1,,,,,,,-0.11,16.88,0.44,0.68,1.66,0.18,-7.09,1.11,9.55,9.1,1,0,0,1,0,0,0,bullish,10.19,824456970.0,0.01,,,,,,,,,2026-02-20,2026-02-20 18:03:23
IGTI11,Iguatemi,Shoppings,stock,28.92,5.57,28.87,29.17,28.66,761400.0,-0.55,1.72,3.58,14.26,,46.87,29.08,28.43,27.92,25.31,,19.69,,,,,,,,,,,23.61,21.39,69.8,1,1,1,,,,,,,-0.11,16.88,0.44,0.68,-0.44,-6.02,-2.61,-0.99,3.34,13.58,1,0,0,0,0,0,0,bullish,2.7,9745640.0,0.08,,,,,,,,,2026-02-20,2026-02-20 18:03:23
MULT3,Multiplan,Shoppings,stock,34.1,6.57,33.95,34.29,33.57,2266500.0,4.03,4.03,3.52,3.52,73.27,331.31,32.78,32.78,32.94,32.94,19.68,7.91,,,,,,,,,,,25.53,20.2,71.1,1,1,1,,,,,,,-0.11,16.88,0.44,0.68,4.14,-6.08,-13.36,3.59,3.28,2.84,1,0,0,1,0,0,0,bullish,7.49,78750845.0,0.03,,,,,,,,,2026-02-20,2026-02-20 18:03:23
CSNA3,CSN,Siderurgia,stock,8.52,1.64,8.5,8.76,8.41,10779200.0,-2.41,-2.41,-15.39,-15.39,-74.08,178.96,8.73,8.73,10.07,10.07,32.87,3.05,,,,,,,,,,,13.11,14.73,47.3,0,0,0,,,,,,,-0.11,16.88,0.44,0.68,-2.29,-25.0,-32.27,-2.84,-15.63,-16.07,0,1,0,0,0,0,0,bearish,12.02,194924375.0,0.06,,,,,,,,,2026-02-20,2026-02-20 18:03:23
GGBR4,Gerdau PN,Siderurgia,stock,21.46,4.13,21.45,21.72,21.27,3350100.0,-0.88,-0.88,-4.28,-4.28,4.52,-95.63,21.65,21.65,22.42,22.42,20.53,491.2,,,,,,,,,,,19.58,14.59,69.1,1,1,1,,,,,,,-0.11,16.88,0.44,0.68,-0.76,-13.89,-21.16,-1.32,-4.52,-4.96,1,0,0,0,0,0,0,bullish,6.06,220433995.0,0.02,,,,,,,,,2026-02-20,2026-02-20 18:03:23
GOAU4,Metalúrgica Gerdau PN,Siderurgia,stock,9.62,1.85,9.62,9.72,9.56,4896200.0,-0.93,-0.93,-2.53,-2.53,10.76,-98.85,9.71,9.71,9.87,9.87,8.69,840.0,,,,,,,,,,,8.21,9.82,74.4,1,0,0,,,,,,,-0.11,16.88,0.44,0.68,-0.81,-12.14,-19.41,-1.37,-2.77,-3.21,0,1,0,1,0,0,0,bearish,6.04,200629116.2,0.02,,,,,,,,,2026-02-20,2026-02-20 18:03:23
USIM5,Usiminas PNA,Siderurgia,stock,6.14,1.18,6.19,6.27,6.13,6223200.0,-2.85,-2.85,-2.54,-2.54,-62.19,190.84,6.32,6.32,6.3,6.3,16.24,2.11,,,,,,,,,,,7.31,9.91,56.3,0,0,0,,,,,,,-0.11,16.88,0.44,0.68,-2.73,-12.14,-19.42,-3.29,-2.78,-3.22,0,1,0,0,0,0,0,bearish,11.93,256210710.0,0.02,,,,,,,,,2026-02-20,2026-02-20 18:03:23
AAPL,Apple,Tecnologia,stock,1366.88,263.28,258.95,264.75,258.16,21770363.0,2.93,2.93,2.93,2.93,117.12,238178.51,255.78,255.78,255.78,255.78,121.26,0.11,,,,,,,,,,,109.41,,71.9,1,,,,,,,,,-0.11,16.88,0.44,0.68,3.04,-6.67,-13.95,2.49,2.69,2.25,0,0,0,1,0,0,0,neutral,14.77,3947721668.15,0.01,,,,,,,,,2026-02-20,2026-02-20 18:03:23
AMZN,Amazon,Tecnologia,stock,1087.63,209.49,204.76,211.08,203.75,41106346.0,5.38,5.38,-12.46,-12.46,35.46,271672.0,198.79,198.79,239.3,239.3,154.65,0.08,,,,,,,,,,,166.44,81.13,43.5,1,1,1,,,,,,,-0.11,16.88,0.44,0.68,5.5,-22.06,-29.33,4.94,-12.69,-13.14,1,0,0,0,0,0,0,bullish,7.2,846453762.3,0.05,,,,,,,,,2026-02-20,2026-02-20 18:03:23
BMOB3,Bmob3,Tecnologia,stock,24.61,4.74,25.09,25.1,24.37,165200.0,-1.99,2.24,-5.85,11.86,9.87,10.86,25.11,24.07,26.14,22.0,22.4,22.2,,,,,,,,,,,21.46,15.7,49.2,1,1,1,,,,,,,-0.11,16.88,0.44,0.68,-1.88,-15.46,-5.01,-2.43,-6.09,11.18,1,0,0,0,0,0,0,bullish,5.42,1789335.0,0.09,,,,,,,,,2026-02-20,2026-02-20 18:03:23
CASH3,Méliuz,Tecnologia,stock,3.49,0.67,3.46,3.51,3.38,903400.0,0.29,-0.29,-15.29,-8.88,-92.34,-78.21,3.48,3.5,4.12,3.83,45.57,16.02,,,,,,,,,,,5.02,7.23,45.4,0,0,0,,,,,,,-0.11,16.88,0.44,0.68,0.4,-24.9,-25.75,-0.15,-15.53,-9.56,0,1,0,0,0,0,0,bearish,4.94,8931445.0,0.1,,,,,,,,,2026-02-20,2026-02-20 18:03:23
GOOGL,Alphabet (Google),Tecnologia,stock,1635.26,314.97,304.1,316.5,303.9,28886517.0,3.03,3.03,-6.81,-6.81,211.56,9611.58,305.72,305.72,338.0,338.0,101.1,3.24,,,,,,,,,,,163.74,73.56,69.2,1,1,1,,,,,,,-0.11,16.88,0.44,0.68,3.14,-16.42,-23.69,2.59,-7.05,-7.49,1,0,0,0,0,0,0,bullish,7.56,651867840.85,0.04,,,,,,,,,2026-02-20,2026-02-20 18:03:23
LWSA3,Locaweb,Tecnologia,stock,3.54,0.68,3.62,3.62,3.52,3027100.0,-1.94,-3.28,-27.16,-14.08,-89.88,-30.25,3.61,3.66,4.86,4.12,34.99,5.07,,,,,,,,,,,3.95,5.45,42.7,0,0,0,,,,,,,-0.11,16.88,0.44,0.68,-1.82,-36.76,-30.96,-2.38,-27.4,-14.76,0,1,0,0,0,0,0,bearish,6.26,17420385.0,0.17,,,,,,,,,2026-02-20,2026-02-20 18:03:23
META,Meta (Facebook),Tecnologia,stock,3410.44,656.89,639.11,663.35,638.78,9756269.0,2.68,2.68,-8.32,-8.32,154.98,2012.19,639.77,639.77,716.5,716.5,257.62,31.1,,,,,,,,,,,423.01,,47.5,1,,,,,,,,,-0.11,16.88,0.44,0.68,2.79,-17.92,-25.2,2.24,-8.56,-9.0,0,0,0,0,0,0,0,neutral,9.23,286601893.45,0.03,,,,,,,,,2026-02-20,2026-02-20 18:03:23
MSFT,Microsoft,Tecnologia,stock,2063.22,397.4,396.15,400.12,395.16,17393156.0,-0.98,-0.98,-0.98,-0.98,71.01,326902.83,401.32,401.32,401.32,401.32,232.38,0.12,,,,,,,,,,,208.23,,66.7,1,,,,,,,,,-0.11,16.88,0.44,0.68,-0.86,-10.58,-17.85,-1.41,-1.21,-1.66,0,0,0,0,0,0,0,neutral,10.55,1514832572.8,0.01,,,,,,,,,2026-02-20,2026-02-20 18:03:23
NVDA,NVIDIA,Tecnologia,stock,979.54,188.67,186.52,190.33,185.94,107672419.0,3.21,3.21,-1.29,-1.29,1275.7,412717.52,182.81,182.81,191.13,191.13,13.71,0.05,,,,,,,,,,,87.72,24.95,69.4,1,1,1,,,,,,,-0.11,16.88,0.44,0.68,3.32,-10.89,-18.16,2.77,-1.52,-1.97,1,0,0,0,0,0,0,bullish,11.09,4450938475.95,0.02,,,,,,,,,2026-02-20,2026-02-20 18:03:23
POSI3,Positivo,Tecnologia,stock,4.08,0.79,4.05,4.12,4.0,816600.0,0.0,0.0,-9.33,-9.33,-9.33,-85.63,4.08,4.08,4.5,4.5,4.5,28.4,,,,,,,,,,,6.9,6.14,36.8,0,0,1,,,,,,,-0.11,16.88,0.44,0.68,0.11,-18.94,-26.21,-0.44,-9.57,-10.01,1,0,0,0,0,0,0,neutral,11.64,22808315.0,0.04,,,,,,,,,2026-02-20,2026-02-20 18:03:23
TOTS3,Totvs,Tecnologia,stock,38.9,7.49,38.54,39.13,38.39,2107700.0,2.29,2.29,-12.72,-12.72,24.27,1329.38,38.03,38.03,44.57,44.57,31.3,2.72,,,,,,,,,,,32.62,18.66,58.1,1,1,1,,,,,,,-0.11,16.88,0.44,0.68,2.4,-22.33,-29.6,1.85,-12.96,-13.4,1,0,0,0,0,0,0,bullish,9.67,68573980.0,0.03,,,,,,,,,2026-02-20,2026-02-20 18:03:23
OIBR3,Oi ON,Telecomunicações,stock,0.16,0.03,0.0,0.16,0.16,0.0,-11.11,-11.11,-11.11,-11.11,-99.91,-100.0,0.18,0.18,0.18,0.18,188.0,6492.54,,,,,,,,,,,15.44,2815.09,5.4,0,0,0,,,,,,,-0.11,16.88,0.44,0.68,-11.0,-20.72,-27.99,-11.55,-11.35,-11.79,0,1,1,0,0,0,0,bearish,24.39,98571108.9,0.0,,,,,,,,,2026-02-19,2026-02-20 18:03:23
TIMS3,TIM,Telecomunicações,stock,26.78,5.16,26.84,26.91,26.5,4121900.0,-1.87,-1.87,9.22,9.22,109.22,416.99,27.29,27.29,24.52,24.52,12.8,5.18,,,,,,,,,,,16.94,12.03,74.4,1,1,1,,,,,,,-0.11,16.88,0.44,0.68,-1.75,-0.39,-7.66,-2.31,8.98,8.54,1,0,0,1,0,0,0,bullish,7.6,131738285.0,0.03,,,,,,,,,2026-02-20,2026-02-20 18:03:23
VIVT3,Telefônica Brasil,Telecomunicações,stock,40.57,7.81,40.52,40.74,39.95,1989700.0,-1.02,-1.02,8.53,8.53,84.41,133.16,40.99,40.99,37.38,37.38,22.0,17.4,,,,,,,,,,,25.81,21.94,76.4,1,1,1,,,,,,,-0.11,16.88,0.44,0.68,-0.91,-1.07,-8.34,-1.46,8.3,7.86,1,0,0,1,0,0,0,bullish,7.11,96129755.0,0.02,,,,,,,,,2026-02-20,2026-02-20 18:03:23
CVCB3,CVC,Turismo,stock,2.37,0.46,2.33,2.4,2.32,13199800.0,-2.07,-2.07,-9.54,-9.54,-83.63,-79.82,2.42,2.42,2.62,2.62,14.48,11.74,,,,,,,,,,,3.71,,58.3,0,,,,,,,,,-0.11,16.88,0.44,0.68,-1.95,-19.15,-26.42,-2.5,-9.78,-10.22,0,0,0,0,0,0,0,neutral,16.35,356502280.0,0.04,,,,,,,,,2026-02-20,2026-02-20 18:03:23
ALPA4,Alpargatas,Varejo,stock,14.52,2.8,14.74,14.74,14.27,1151200.0,-3.39,-3.39,1.04,1.04,-58.4,361.38,15.03,15.03,14.37,14.37,34.9,3.15,,,,,,,,,,,11.85,13.74,88.2,1,1,0,,,,,,,-0.11,16.88,0.44,0.68,-3.28,-8.56,-15.83,-3.83,0.81,0.37,0,1,0,1,0,0,0,neutral,9.56,48851285.0,0.02,,,,,,,,,2026-02-20,2026-02-20 18:03:23
AMER3,Americanas,Varejo,stock,5.61,1.08,5.6,5.68,5.58,351100.0,1.26,1.26,-2.09,-2.09,-99.93,-99.63,5.54,5.54,5.73,5.73,8155.1,1514.36,,,,,,,,,,,443.0,2308.81,44.0,0,0,0,,,,,,,-0.11,16.88,0.44,0.68,1.38,-11.7,-18.97,0.83,-2.33,-2.77,0,1,0,0,0,0,0,bearish,32.32,66164624.7,0.01,,,,,,,,,2026-02-20,2026-02-20 18:03:23
ASAI3,Assaí,Varejo,stock,9.4,1.81,9.37,9.56,9.28,7312300.0,-0.63,-5.05,16.77,29.12,,-37.33,9.46,9.9,8.05,7.28,,15.0,,,,,,,,,,,9.2,12.16,53.1,1,0,0,,,,,,,-0.11,16.88,0.44,0.68,-0.52,7.17,12.24,-1.07,16.53,28.44,0,1,0,0,0,0,0,neutral,5.58,77510870.0,0.09,,,,,,,,,2026-02-20,2026-02-20 18:03:23
AZZA3,Azzas 2154,Varejo,stock,25.74,4.96,25.19,25.79,24.98,961900.0,5.15,5.15,-3.74,-3.74,-63.91,13.14,24.48,24.48,26.74,26.74,71.32,22.75,,,,,,,,,,,56.96,,42.2,0,,,,,,,,,-0.11,16.88,0.44,0.68,5.26,-13.34,-20.62,4.71,-3.98,-4.42,0,0,0,0,0,0,0,neutral,13.32,48073200.0,0.02,,,,,,,,,2026-02-20,2026-02-20 18:03:23
BHIA3,Casas Bahia,Varejo,stock,3.02,0.58,3.01,3.06,2.98,2126200.0,3.07,3.07,-6.21,-6.21,-98.84,-87.23,2.93,2.93,3.22,3.22,259.63,23.66,,,,,,,,,,,24.84,112.96,48.4,0,0,0,,,,,,,-0.11,16.88,0.44,0.68,3.19,-15.82,-23.09,2.63,-6.45,-6.89,0,1,0,0,0,0,0,bearish,49.47,97864605.0,0.02,,,,,,,,,2026-02-20,2026-02-20 18:03:23
GMAT3,Grupo Mateus,Varejo,stock,5.5,1.06,5.58,5.63,5.5,4688500.0,-1.43,1.66,11.56,22.49,-34.13,-35.67,5.58,5.41,4.93,4.49,8.35,8.55,,,,,,,,,,,6.54,6.62,61.0,0,0,0,,,,,,,-0.11,16.88,0.44,0.68,-1.32,1.96,5.62,-1.87,11.32,21.82,0,1,0,0,0,0,0,bearish,4.85,37160740.0,0.13,,,,,,,,,2026-02-20,2026-02-20 18:03:23
GRND3,Grendene,Varejo,stock,4.8,0.92,4.81,4.83,4.78,1295000.0,0.42,0.42,-3.23,-3.23,-32.49,30.91,4.78,4.78,4.96,4.96,7.11,3.67,,,,,,,,,,,6.36,6.22,34.1,0,0,1,,,,,,,-0.11,16.88,0.44,0.68,0.53,-12.83,-20.1,-0.02,-3.46,-3.9,1,0,0,0,0,0,0,neutral,5.78,48137205.0,0.03,,,,,,,,,2026-02-20,2026-02-20 18:03:23
LREN3,Lojas Renner,Varejo,stock,15.44,2.97,15.51,15.68,15.32,3861600.0,0.59,0.59,3.42,3.42,-48.63,-99.78,15.35,15.35,14.93,14.93,30.06,6982.04,,,,,,,,,,,16.75,17.73,54.3,0,0,0,,,,,,,-0.11,16.88,0.44,0.68,0.7,-6.19,-13.46,0.15,3.18,2.74,0,1,0,0,0,0,0,bearish,13.38,339343642.0,0.01,,,,,,,,,2026-02-20,2026-02-20 18:03:23
MGLU3,Magazine Luiza,Varejo,stock,10.62,2.05,10.47,10.79,10.38,9319400.0,3.81,3.81,8.48,8.48,-95.07,134.77,10.23,10.23,9.79,9.79,215.39,4.52,,,,,,,,,,,20.07,,61.7,0,,,,,,,,,-0.11,16.88,0.44,0.68,3.93,-1.13,-8.4,3.37,8.24,7.8,0,0,0,0,0,0,0,neutral,18.95,501462641.25,0.02,,,,,,,,,2026-02-20,2026-02-20 18:03:23
PCAR3,Pão de Açúcar,Varejo,stock,3.09,0.6,3.02,3.13,2.99,8392800.0,-12.22,-12.22,-19.53,-19.53,-71.88,-31.3,3.52,3.52,3.84,3.84,10.99,4.5,,,,,,,,,,,9.0,10.61,53.4,0,0,0,,,,,,,-0.11,16.88,0.44,0.68,-12.1,-29.14,-36.41,-12.65,-19.77,-20.21,0,1,0,0,0,0,0,bearish,13.11,244055645.0,0.03,,,,,,,,,2026-02-20,2026-02-20 18:03:23
PETZ3,Petz,Varejo,stock,4.39,0.85,4.39,4.39,4.39,0.0,0.0,0.0,7.07,0.0,-75.71,-71.11,4.39,4.39,4.1,4.39,18.08,15.2,,,,,,,,,,,4.11,6.01,65.6,1,0,0,,,,,,,-0.11,16.88,0.44,0.68,0.11,-2.53,-16.88,-0.44,6.84,-0.68,0,1,0,0,0,0,0,neutral,4.62,25983630.0,0.0,,,,,,,,,2026-01-05,2026-02-20 18:03:23
VIVA3,Vivara,Varejo,stock,30.73,5.92,30.9,31.17,30.53,889800.0,-1.95,3.12,8.4,-4.74,18.74,29.5,31.34,29.8,28.35,32.26,25.88,23.73,,,,,,,,,,,27.56,25.63,46.6,1,1,1,,,,,,,-0.11,16.88,0.44,0.68,-1.83,-1.21,-21.62,-2.38,8.16,-5.42,1,0,0,0,0,0,0,bullish,5.1,15422895.0,0.06,,,,,,,,,2026-02-20,2026-02-20 18:03:23
VULC3,Vulcabras,Varejo,stock,18.91,3.64,18.8,19.19,18.64,1205700.0,5.52,5.52,4.94,4.94,155.54,-98.74,17.92,17.92,18.02,18.02,7.4,1500.0,,,,,,,,,,,16.17,10.0,54.6,1,1,1,,,,,,,-0.11,16.88,0.44,0.68,5.64,-4.67,-11.94,5.09,4.7,4.26,1,0,0,0,0,0,0,bullish,8.78,17600191.55,0.07,,,,,,,,,2026-02-20,2026-02-20 18:03:23
WMT,Walmart,Varejo,stock,629.66,121.28,123.0,123.43,121.15,20055734.0,-9.42,-9.42,1.8,1.8,160.05,577533.81,133.89,133.89,119.14,119.14,46.64,0.02,,,,,,,,,,,48.54,18.66,86.5,1,1,1,,,,,,,-0.11,16.88,0.44,0.68,-9.3,-7.81,-15.08,-9.86,1.56,1.12,1,0,0,1,0,0,0,bullish,7.53,1177716351.7,0.02,,,,,,,,,2026-02-20,2026-02-20 18:03:24
